user_idx,n_windows,spearman_rho,spearman_p_value
0,6,0.06761234037828133,0.8987360319248712
1,22,-0.24943474823188225,0.26293970804692385
2,7,-0.854686736757637,0.014273916157474897
3,6,-0.028571428571428574,0.9571545189504373
4,7,-0.14285714285714288,0.7599453002180927
5,10,-0.3465061598976368,0.3266572580343008
7,14,,
10,6,-0.7589709258986453,0.08014122805832388
11,29,-0.43491145409608667,0.018385238146095384
12,3,-0.8660254037844387,0.33333333333333326
14,5,-0.28867513459481287,0.6376180914006019
15,8,0.5714285714285715,0.13895995716070672
16,7,-0.11013346473215288,0.8141634625636773
17,4,0.7999999999999999,0.2000000000000001
18,10,-0.5183023183212385,0.12483849367734681
20,27,-0.641468883710328,0.00031099287947971465
21,20,-0.14831672789098288,0.5325944907800247
22,16,-0.9351998360236325,1.08272357643071e-07
23,7,0.0,1.0
24,14,-0.03964767327068582,0.8929531665854762
25,18,-0.5016026404916663,0.033932510969432964
27,5,-0.35355339059327373,0.5594043441634877
28,16,0.03737426025858748,0.8907011598757278
29,6,0.4285714285714286,0.3965014577259473
30,13,-0.5887213272323806,0.03427659549583686
31,5,,
32,38,-0.45611854798261336,0.004000812402195003
33,7,-0.3214285714285715,0.4820720382996778
34,3,0.8660254037844387,0.33333333333333326
37,5,0.7071067811865475,0.18169011381620942
38,5,-0.3,0.623837664781073
39,7,0.14414999403128945,0.7578179356488596
40,4,0.2581988897471611,0.741801110252839
42,3,-0.8660254037844387,0.33333333333333326
43,5,,
46,3,-0.5,0.6666666666666666
49,5,-0.8999999999999998,0.03738607346849874
50,4,0.10540925533894598,0.894590744661054
51,12,-0.469352733786692,0.12370632820811776
52,5,,
53,36,-0.5780734845044663,0.00022218651335093276
54,6,0.6,0.208
55,4,0.2581988897471611,0.741801110252839
58,3,0.5,0.6666666666666666
59,8,-0.880952380952381,0.0038503204637324005
60,3,-1.0,0.0
61,3,0.0,1.0
62,13,-0.24209101306752098,0.4255192840857562
65,18,0.20818365685447515,0.4071159423574097
66,28,-0.0655604474466227,0.7403018867137088
67,15,0.6607142857142856,0.007330569830891709
68,7,-0.43346072343150543,0.33126998536049607
70,7,0.10811249552346709,0.8175332656241182
72,28,-0.29087930937281903,0.13317405508694516
73,12,-0.3750861266008575,0.229594218006264
74,3,0.5,0.6666666666666666
76,5,0.0,1.0
77,4,-0.6000000000000001,0.4
80,6,0.3714285714285715,0.4684781341107872
81,4,-0.7999999999999999,0.2000000000000001
82,12,-0.6923076923076924,0.012593030496094112
83,6,,
84,7,-0.3571428571428572,0.431611352038328
85,8,-0.1197626261913259,0.7775830437712571
87,19,-0.17877727355640288,0.46398571760312063
88,4,,
89,7,0.7819474400123061,0.037769722599987385
91,15,0.2591600677389407,0.35096467738413445
92,4,0.7999999999999999,0.2000000000000001
93,17,-0.6642156862745099,0.0036363489577398347
94,5,-0.8999999999999998,0.03738607346849874
95,27,-0.39872350757983305,0.039387669145531184
98,3,0.5,0.6666666666666666
101,7,0.5,0.2531699951003227
102,4,0.7745966692414834,0.22540333075851665
103,5,-0.3,0.623837664781073
105,9,0.5477225575051661,0.12687036692367107
106,9,-0.17647681943136376,0.6496847436328109
107,4,-0.316227766016838,0.683772233983162
108,4,-0.39999999999999997,0.6000000000000001
110,15,-0.6068809696128191,0.016440309845057424
111,8,-0.313275750262722,0.44990820732344383
114,5,-0.8720815992723809,0.05385421772754213
115,7,0.3243374865704013,0.477885479739931
117,3,0.0,1.0
118,8,-0.4790505047653036,0.22974054535741778
119,11,-0.4671966687303402,0.14737431449313337
120,6,0.8857142857142858,0.01884548104956266
122,7,-0.5357142857142858,0.21521745567801298
123,7,0.18018749253911182,0.6990457740939313
125,3,-1.0,0.0
127,14,-0.11270890250240528,0.7012556599616342
129,14,-0.7523239848870141,0.0019073458610941378
130,13,0.2243844794591142,0.46112869087620684
131,4,-0.7999999999999999,0.2000000000000001
132,16,-0.27982357298344906,0.29387666736086315
133,15,-0.5833476136799064,0.022446601415369048
135,18,-0.0608875128998968,0.8103299008966292
136,5,,
139,29,0.15811388300841897,0.4126795258096803
140,14,-0.07151842500282787,0.8080377206132288
145,29,-0.4068098297671854,0.028517963426450604
147,27,-0.4429848875957328,0.020661731107816387
149,4,0.7999999999999999,0.2000000000000001
150,4,0.0,1.0
152,7,-0.037062465833055065,0.9371240086628561
153,48,0.01746821987045828,0.9061927329158629
154,18,-0.6838012063719658,0.0017530857844873585
157,9,-0.65,0.058073058017148654
158,19,-0.5006591960674048,0.02901181591014235
159,7,0.6071428571428572,0.14823116148116164
160,10,-0.3938927711338647,0.26005926393428797
163,9,0.09999999999999999,0.797971695234851
165,3,-0.5,0.6666666666666666
167,7,0.3571428571428572,0.431611352038328
168,20,-0.5775814236797222,0.007655349696435392
170,3,-0.8660254037844387,0.33333333333333326
172,12,,
176,12,-0.2527090476712424,0.4281010043604104
177,3,-1.0,0.0
178,19,-0.3437678123338377,0.14956319809747165
179,5,-0.6,0.28475697986529386
180,11,-0.4510262271024232,0.16381594539485245
183,4,0.21081851067789195,0.7891814893221081
185,4,0.7999999999999999,0.2000000000000001
186,16,-0.3714084242028702,0.15666122463279886
187,5,-0.09999999999999999,0.8728885715695384
188,15,-0.3088016065073769,0.2627667337402492
189,5,-0.09999999999999999,0.8728885715695384
193,8,0.6819309069874762,0.06247623884806762
194,5,-0.3,0.623837664781073
197,35,-0.4264867385903801,0.010624082484445196
200,3,0.5,0.6666666666666666
201,18,-0.6528929103700036,0.0033085843852055058
203,20,-0.37232044754094357,0.10596551885296078
204,13,-0.29765892525495413,0.3232909158317353
206,5,0.0,1.0
207,6,-0.028571428571428574,0.9571545189504373
208,9,-0.6554675286842364,0.055293404906068225
213,14,-0.6482946157276674,0.012154327831177428
215,6,-0.6982532518267538,0.12283946337339603
216,4,-0.316227766016838,0.683772233983162
217,10,-0.23636363636363633,0.5108853175152003
220,13,-0.30870397548213135,0.3047768618643308
221,10,0.45021988762612014,0.19166545641812696
222,3,0.5,0.6666666666666666
224,6,,
225,3,0.5,0.6666666666666666
227,8,-0.19162020190612142,0.6494102011224532
230,43,-0.22399275405825564,0.1487509516684775
231,9,0.6554853293164941,0.055284496081978766
232,15,-0.09901314981950202,0.7255339615337696
233,3,,
234,8,-0.25197631533948484,0.5471616124270275
235,5,-0.09999999999999999,0.8728885715695384
236,8,-0.5149792926227014,0.19154931341586579
237,3,0.5,0.6666666666666666
238,11,-0.18678863950706415,0.5823613748406503
244,25,-0.20392460147416697,0.32819913310159426
245,22,-0.8347573696981178,1.3589736000753815e-06
246,8,-0.011976262619132589,0.977546654703887
247,4,-0.39999999999999997,0.6000000000000001
249,4,-0.39999999999999997,0.6000000000000001
250,27,0.27169946952999074,0.17039380105334714
251,8,-0.1666666666666667,0.693238811728395
254,11,-0.0908062460746855,0.7906053349204905
255,8,,
256,5,-0.39999999999999997,0.5046315754686912
257,7,0.11118739749916519,0.8124070154613051
259,6,-0.8116794499134279,0.04985758510134036
261,6,0.26482044885142486,0.612055238565705
262,8,-0.4761904761904762,0.23293553465009798
263,3,1.0,0.0
264,8,-0.21821789023599242,0.6036450565101362
266,12,-0.43266764140701863,0.160069288160567
267,27,0.23626373626373626,0.23544081404686212
268,49,-0.1010473365591111,0.4896643345081721
270,5,,
271,3,0.5,0.6666666666666666
272,4,0.7999999999999999,0.2000000000000001
273,4,0.2581988897471611,0.741801110252839
274,17,-0.7268275063305668,0.0009489759367438729
275,13,0.008253102718210942,0.9786522347721123
277,6,-0.37032803990902063,0.4699018628730875
278,7,0.054554472558998104,0.9075232086487943
281,5,0.41039134083406165,0.49253578170279755
282,16,-0.2604857217345777,0.3298656564273068
285,24,-0.3255714658689912,0.12055005129854345
286,13,-0.027472527472527472,0.9290117291603509
288,7,0.21428571428571433,0.6445115810207203
290,36,-0.48119560307288584,0.002967967094971197
292,7,-0.5225437283634242,0.22887787757609507
294,7,0.39285714285714296,0.3833168704269727
295,13,-0.5006882315714638,0.08137738388003872
297,11,-0.371850409805781,0.26013695294155226
300,11,0.21866378944364065,0.5183025814730874
303,8,-0.5769586239647777,0.13430118862983778
304,30,-0.42153450861663133,0.020338937388144775
308,15,,
310,6,-0.7142857142857143,0.11078717201166179
311,5,-0.10259783520851541,0.8695979205185651
313,7,-0.6666937223947137,0.1019204602461823
314,9,-0.39497192920352836,0.292768823672754
316,4,-0.7378647873726218,0.26213521262737816
317,6,0.101418510567422,0.8483938150603566
320,24,0.33391558295742496,0.11078395155933156
327,5,0.39999999999999997,0.5046315754686912
328,17,-0.09765111112300595,0.7092593247084941
330,9,-0.785068999090738,0.01219461264208815
331,8,-0.7075275528876865,0.0496282607348613
334,15,-0.5448063668768169,0.0357221347998563
335,20,-0.5775608959496382,0.007658015502914872
336,8,,
337,4,-0.6000000000000001,0.4
338,35,-0.04027603118076087,0.8183126745915394
339,44,-0.5708846758681084,5.19698254137565e-05
340,3,-1.0,0.0
341,5,-0.09999999999999999,0.8728885715695384
343,5,-0.44721359549995787,0.45018485575210104
344,4,0.8944271909999159,0.10557280900008416
346,11,-0.6942987397062713,0.017763217409126134
347,32,-0.6667754571365924,3.08576836276404e-05
348,3,-0.8660254037844387,0.33333333333333326
349,14,-0.11208791208791209,0.7028331631967695
350,3,1.0,0.0
351,7,0.4642857142857144,0.29393410760025196
352,12,-0.6947411187642788,0.012158444463298657
355,21,-0.39116317549289553,0.07953074367909166
359,14,,
360,7,-0.4504687313477795,0.310429301851323
361,6,,
365,16,-0.45847514003826884,0.07408321839094424
366,16,0.21339225791815683,0.42746671154599514
368,5,-0.6668859288553501,0.21889398131323157
369,7,-0.21821789023599242,0.638298871640929
370,8,0.46355253465055324,0.24732326280728606
371,14,,
372,6,,
373,20,-0.300452147958156,0.19804872563819817
375,6,0.5161002296110789,0.29458374146246064
376,4,0.7378647873726218,0.26213521262737816
377,5,-0.6,0.28475697986529386
378,3,-1.0,0.0
379,5,-0.6668859288553501,0.21889398131323157
382,14,-0.38496423152811765,0.1740849467628654
385,9,0.2333333333333333,0.5456987782182728
386,3,-0.8660254037844387,0.33333333333333326
388,15,-0.42808900293857466,0.11140674850733573
395,10,0.1740776559556978,0.6305360755569765
397,8,-0.12049067317796998,0.7762570690924105
400,15,-0.4726964228567686,0.07517622782707174
403,5,0.39999999999999997,0.5046315754686912
405,4,0.7999999999999999,0.2000000000000001
408,5,-0.09999999999999999,0.8728885715695384
410,4,0.7999999999999999,0.2000000000000001
411,17,-0.11432137573218784,0.6621889182735841
413,6,,
414,12,-0.22416846986827083,0.4836659657010077
415,43,0.25439937872679,0.0997097823142452
416,18,-0.05815273829451714,0.8187119333059834
418,29,-0.25847847187926415,0.1757809365382322
419,5,-0.19999999999999998,0.7470600781046621
420,4,0.19999999999999998,0.8
423,13,-0.00836918581323271,0.9783520328175543
424,8,-0.36596252735569995,0.37262472702449545
426,8,-0.7857142857142858,0.020815127253525273
429,8,-0.28234145428063595,0.4980711046629202
432,22,-0.294555488350706,0.18329060876022532
433,4,-0.7378647873726218,0.26213521262737816
437,3,-0.8660254037844387,0.33333333333333326
438,36,0.23609170904056487,0.16567204661948154
439,8,-0.5143707412705535,0.19216591227117663
440,12,0.01751316170845866,0.9569188239005485
444,44,-0.6320579844495158,4.187934388472486e-06
446,9,0.41666666666666663,0.26458604674749636
447,6,-0.6761234037828133,0.14035738661899447
449,4,-0.39999999999999997,0.6000000000000001
452,8,-0.26347777762091695,0.528366470576909
453,5,0.0,1.0
454,6,,
455,10,-0.31890575373516844,0.36911643779794007
460,7,-0.6785714285714287,0.09375025395983135
461,5,-0.19999999999999998,0.7470600781046621
463,5,0.8720815992723809,0.05385421772754213
464,18,-0.21820108717206707,0.38438846976869145
466,18,-0.1847265221878225,0.46306133291799106
467,11,-0.6394292602546267,0.03414024616515961
468,4,-0.7999999999999999,0.2000000000000001
472,9,0.06694619270045785,0.8641266713551773
475,6,-0.08571428571428573,0.8717434402332361
476,16,-0.04129811478408917,0.8793005034426649
479,14,-0.3362637362637363,0.23979220225725295
482,20,0.39729130885631264,0.08281860200178442
483,3,-1.0,0.0
484,10,0.024390697332764166,0.9466770792643008
485,4,-0.7999999999999999,0.2000000000000001
486,18,-0.29913394407946536,0.2278712957857839
488,6,-0.753702346348183,0.08352328137325983
490,11,-0.5339390499775317,0.09068634598694542
492,16,-0.6794416014187427,0.0037913018976934347
494,8,-0.07229440390678199,0.8649195587700265
495,17,-0.17662364086318483,0.4976890351171452
497,14,-0.5102706755235296,0.06228050334045226
498,21,-0.18626081378424791,0.4188605404270597
500,11,0.004555820475782052,0.9893933525406057
501,12,-0.7070175191867238,0.010133295932043545
505,20,0.2940304456988051,0.20827737670742807
506,3,,
507,5,-0.41039134083406165,0.49253578170279755
508,10,-0.6860877352014098,0.028478907054555466
512,43,-0.016237444718552395,0.9176889811247884
515,13,-0.5623904919793126,0.045427365959503314
516,7,0.5714285714285715,0.18020198891152767
517,9,-0.8954053273686237,0.001098525873588266
518,24,-0.27501433883388093,0.19338984476546092
521,7,0.9449111825230683,0.0013279254349912676
524,36,-0.018932324924924176,0.9127308155557095
525,60,-0.7219866420578287,7.51924132338751e-11
530,4,-0.632455532033676,0.367544467966324
531,5,-0.5270462766947299,0.3614548502018726
533,11,-0.01822328190312821,0.9575888166970637
534,7,-0.01801874925391118,0.9694153868031988
535,10,-0.830867564110496,0.002903391902151365
538,5,-0.7,0.1881204043741873
539,4,0.2581988897471611,0.741801110252839
544,11,-0.02727272727272728,0.9365584481926121
545,16,-0.11331864730826258,0.6760521143157764
547,14,0.252262938552619,0.38425806749893804
548,17,-0.8308823529411766,3.611059946133302e-05
549,19,-0.04252817095352017,0.8627548558479471
550,6,-0.6546536707079772,0.15830242337545788
551,5,-0.09999999999999999,0.8728885715695384
552,7,-0.42857142857142866,0.3373683110858243
553,3,1.0,0.0
554,7,-0.25,0.5887244480896832
555,3,-1.0,0.0
556,31,-0.01949487146728815,0.917096294643263
558,3,0.8660254037844387,0.33333333333333326
559,4,0.6000000000000001,0.4
560,11,-0.11726039399558574,0.7313277836814367
563,5,0.9999999999999999,1.4042654220543602e-24
567,6,-0.48571428571428577,0.3287230320699708
568,3,0.5,0.6666666666666666
569,3,-0.5,0.6666666666666666
570,4,-0.7745966692414834,0.22540333075851665
572,21,-0.09088586494780472,0.6952053696718392
573,17,0.24019607843137256,0.3530886590520007
574,7,0.592999453328881,0.16052191228369242
575,5,-0.7,0.1881204043741873
579,11,-0.20909090909090913,0.5372209352113227
580,6,-0.101418510567422,0.8483938150603566
582,21,0.048717118516138976,0.833899077685062
583,12,-0.2027972027972028,0.5273023541661079
586,5,-0.7826237921249264,0.11761376087345812
588,3,-1.0,0.0
589,28,-0.10236759367794748,0.6042160290612777
590,12,-0.4516120205450996,0.14053752579384457
591,32,-0.5225692833459762,0.002153088899076332
593,4,-0.7999999999999999,0.2000000000000001
594,5,-0.8999999999999998,0.03738607346849874
595,7,-0.8910563851303024,0.007089720823959083
596,13,-0.28925729594155203,0.3377834739410966
598,9,-0.7166666666666667,0.02981803569584528
603,13,-0.4132247084879315,0.1604815255045643
605,7,-0.8571428571428573,0.013697326615325618
606,8,-0.09523809523809526,0.8225054302036114
607,7,-0.8571428571428573,0.013697326615325618
608,24,0.04518393411049245,0.8339447120691618
610,13,0.46113957739573935,0.11272747076155827
611,3,-0.5,0.6666666666666666
612,5,-0.6708203932499368,0.21516994256955022
614,3,1.0,0.0
619,7,-0.4504687313477795,0.310429301851323
622,3,-0.5,0.6666666666666666
625,11,-0.2069102204422663,0.5415699136669009
626,11,0.1818779805969137,0.5924914475197227
628,6,-0.028571428571428574,0.9571545189504373
629,22,-0.0531223700332099,0.8143740450357727
630,3,0.5,0.6666666666666666
631,7,-0.7857142857142859,0.03623846267982715
632,27,-0.1280055614365862,0.5245880489114952
633,3,,
634,7,-0.0181848241863327,0.9691335878067214
636,4,-0.39999999999999997,0.6000000000000001
639,10,-0.3474756221281581,0.3252140444837802
640,4,-0.39999999999999997,0.6000000000000001
642,6,0.08571428571428573,0.8717434402332361
643,4,0.19999999999999998,0.8
644,7,-0.9145291883606756,0.003915772683910753
647,7,-0.10714285714285716,0.8191508555699912
648,9,0.17487435419566724,0.6527031843903707
649,8,-0.5923057020691221,0.12183451362769833
652,30,0.013243262668623336,0.9446258230436666
653,4,-0.9486832980505139,0.05131670194948613
654,7,0.12613124477737828,0.7875721594074738
656,23,-0.6069961572045203,0.0021314660252562826
657,18,0.10694389577366196,0.6727578904599085
659,3,-0.5,0.6666666666666666
660,26,-0.2155128601439019,0.29035307567167196
661,31,-0.1495389493964643,0.4220253698179481
662,5,0.15389675281277312,0.8048288166080632
664,11,0.11872269889407801,0.7280862602638447
665,7,0.7500000000000002,0.0521814004570578
666,50,-0.38377959184083843,0.005935616249862995
667,29,-0.5463572794568672,0.0021671412609905326
670,6,-0.5217939320872036,0.2883432338003935
672,4,-1.0,0.0
674,6,-0.08827348295047495,0.8679336982351337
675,8,,
676,12,-0.7614081958174166,0.004013748722895185
677,34,0.14348750433387092,0.4181840709065628
678,14,0.14790431126346332,0.6138388455130065
679,6,-0.6473388749701496,0.16462459468137824
680,7,-0.2702812388086677,0.5577307488053694
681,6,-0.08571428571428573,0.8717434402332361
682,7,-0.3783937343321348,0.4026022019217552
683,4,-1.0,0.0
684,35,-0.6712512920692344,1.0160145091611036e-05
685,20,0.19849054446144657,0.40151739401752384
687,5,-0.30779350562554625,0.614384002810333
688,3,-0.5,0.6666666666666666
689,10,0.793940116816696,0.006099843437230116
690,3,0.5,0.6666666666666666
693,12,0.05954474980875943,0.8541546246233473
696,15,-0.05724517209881224,0.8394162853019237
697,16,-0.19022711924354915,0.48039322666329776
701,3,1.0,0.0
702,14,-0.20484631189854344,0.4823610538502715
703,11,-0.8246035061165515,0.0017894598527492048
704,13,-0.584024254662943,0.03610127251390462
705,9,-0.4033755872716886,0.28167588643557034
707,13,-0.4022788376241216,0.17297471879183995
708,3,1.0,0.0
712,6,-0.48571428571428577,0.3287230320699708
715,5,-0.09999999999999999,0.8728885715695384
718,7,0.0,1.0
719,3,-0.5,0.6666666666666666
720,4,0.6000000000000001,0.4
722,19,-0.6542923444351292,0.0023715184965430046
725,8,-0.012123216124221799,0.9772711968911272
726,17,-0.2018477805644745,0.43721987524087036
728,4,-0.8944271909999159,0.10557280900008416
729,4,1.0,0.0
730,7,-0.9369749612033814,0.0018510301964418932
731,3,-0.5,0.6666666666666666
735,5,-0.19999999999999998,0.7470600781046621
736,15,-0.5824410172202813,0.022707410174642534
737,4,0.2581988897471611,0.741801110252839
741,5,0.0,1.0
742,23,-0.29635409004231683,0.16972639067105005
743,7,-0.16366341767699433,0.7258624740766529
745,8,-0.6428571428571429,0.08555889101267325
746,13,-0.47580667545622507,0.10028439562199343
747,8,-0.08383383833392813,0.8435464923328299
749,28,-0.34064349634595315,0.07609291268592455
754,14,0.24008868813915307,0.40836647995884273
755,8,-0.09523809523809526,0.8225054302036114
756,18,,
757,16,-0.5701106417098787,0.02112282114413641
758,27,-0.1297908213746964,0.5187724917081962
761,21,0.11410388046097217,0.6223763960440071
762,6,-0.2732295333235123,0.6003545904291115
763,19,-0.3764305099675526,0.11217201077511503
764,18,-0.5243030862380949,0.02550674973446553
765,62,-0.2763963703439711,0.029659177600201758
766,17,-0.41510650669044596,0.09753698419574558
767,33,-0.38222358124181605,0.02815243906041097
768,10,-0.6383008208640678,0.04702445252859806
769,4,-0.7999999999999999,0.2000000000000001
772,19,-0.5393065726059413,0.017175083543363952
774,54,-0.3449774251538736,0.010628150048422715
776,23,-0.06742600620557683,0.7598491677452185
777,8,-0.3952166664313755,0.3325171079338275
778,11,-0.8165481258020508,0.002163274512363221
780,5,0.0,1.0
781,10,-0.42073952899018185,0.2259819755393893
782,11,,
783,13,-0.430842413911613,0.14162694938413378
784,9,-0.6950150912113306,0.03768829245270158
785,5,,
788,10,,
789,8,-0.4520227726316985,0.2608297757021363
792,12,0.22575833709420015,0.4804873174250535
793,4,-0.632455532033676,0.367544467966324
797,8,0.11415291512216423,0.7878154076052025
798,7,-0.9642857142857145,0.00045414916919416935
801,3,-1.0,0.0
802,18,-0.8596491228070176,4.827997425048468e-06
803,14,0.004449721317118612,0.9879548628343655
804,4,-0.9486832980505139,0.05131670194948613
805,4,-0.632455532033676,0.367544467966324
806,36,0.02536862186294846,0.8832398570877855
808,15,-0.6264832024943037,0.012455184067755169
809,6,0.49280538030458115,0.32063258286582746
810,24,-0.08197111620760959,0.7033671452537129
811,4,1.0,0.0
812,3,0.5,0.6666666666666666
813,3,0.5,0.6666666666666666
814,13,-0.36038581349081233,0.22641703363057442
815,15,-0.5324485556061431,0.041020513955492666
816,19,-0.6213252024200617,0.00451831220557944
817,10,-0.3025210128521264,0.3955461179844164
819,4,-0.39999999999999997,0.6000000000000001
820,7,-0.11118739749916519,0.8124070154613051
821,11,-0.17529196424044294,0.6061804724344514
823,5,-0.44721359549995787,0.45018485575210104
827,6,-0.028988551782622423,0.9565293523898406
831,60,-0.27392365250920025,0.03418683468092095
832,9,0.15,0.7000942309691418
835,3,-0.5,0.6666666666666666
837,6,,
838,3,0.5,0.6666666666666666
839,13,0.05248698891043384,0.8647809012079593
840,21,-0.7924390028482722,1.8489975037571928e-05
841,3,-0.5,0.6666666666666666
843,9,-0.59336610396393,0.09212027344886972
844,9,0.26051340011296553,0.49839229689525505
847,10,-0.2006088294144213,0.5784061446498447
850,3,-0.5,0.6666666666666666
851,24,-0.307696539696167,0.14355258615045632
853,6,0.13093073414159545,0.8047261622231062
854,20,-0.17162223961847456,0.4693770142216968
855,3,-1.0,0.0
856,3,-1.0,0.0
857,4,,
858,25,,
859,6,-0.5246313898711126,0.28525218741845076
860,4,-0.632455532033676,0.367544467966324
861,3,-0.8660254037844387,0.33333333333333326
862,9,0.6386780131801736,0.06410620825872815
863,5,0.6668859288553501,0.21889398131323157
864,9,-0.018257418583505537,0.9628166223153186
865,3,-0.5,0.6666666666666666
866,4,0.39999999999999997,0.6000000000000001
867,17,-0.2039318194861643,0.43240044827550345
869,12,-0.5484928792430105,0.06480818189863921
870,3,-0.5,0.6666666666666666
872,7,-0.4642857142857144,0.29393410760025196
873,12,0.015630009197970057,0.9615480505026317
876,22,-0.252191374402606,0.25752655696924087
877,15,-0.5454724435510747,0.03545189731805939
879,3,0.0,1.0
880,4,-0.19999999999999998,0.8
881,14,-0.049564763049080175,0.8663743860090324
882,6,0.3188740696088466,0.537900560470205
885,3,0.5,0.6666666666666666
887,19,-0.5802211815526681,0.009204434178362307
890,5,-0.35909242322980395,0.5528147466433508
892,4,0.39999999999999997,0.6000000000000001
894,8,-0.1077863635721933,0.7994604266184203
896,8,-0.2347382389307855,0.5757667268704587
897,5,-0.19999999999999998,0.7470600781046621
898,6,0.11595420713048969,0.8268482133858149
899,5,-0.8999999999999998,0.03738607346849874
900,3,1.0,0.0
901,12,-0.3047290137271806,0.3355078216764544
902,3,1.0,0.0
903,5,0.051298917604257706,0.934712848108234
906,19,-0.6162010030432516,0.004963277138388043
908,6,-0.3142857142857143,0.5440932944606415
909,15,-0.5663118813587966,0.027744532760554313
910,6,-0.2,0.7040000000000001
911,5,0.11180339887498947,0.8579446176050994
916,73,-0.06916885739084473,0.560919749934857
917,11,-0.43280294519929496,0.18364949835388208
918,4,-1.0,0.0
919,10,-0.12727272727272726,0.7260570147627894
921,5,-0.7,0.1881204043741873
924,14,-0.23425771892656788,0.42018363228350575
925,21,-0.47700408104771186,0.02878243257752563
927,14,0.17381748691882032,0.5523230858668635
928,17,0.2078011488678745,0.4235260386266445
929,8,-0.7142857142857144,0.046528232284167255
930,14,-0.1563880445677052,0.5934114827966738
931,6,-0.7714285714285715,0.07239650145772594
933,3,-1.0,0.0
936,5,,
937,9,0.912141875543738,0.000606850679471502
938,8,0.07793496079856871,0.8544625776862839
940,14,,
941,7,-0.4684874806016907,0.2889967715971478
943,5,,
944,3,0.5,0.6666666666666666
945,7,-0.16216874328520064,0.7282995630820221
947,4,-0.39999999999999997,0.6000000000000001
949,3,1.0,0.0
952,17,-0.6108526454841672,0.009192502819296455
955,4,0.10540925533894598,0.894590744661054
958,12,-0.7762237762237763,0.002992863680185982
959,4,0.6000000000000001,0.4
960,19,-0.7750579009580877,9.72189748257788e-05
962,3,1.0,0.0
963,13,-0.18395669772775455,0.547436938733596
964,12,-0.07746670967243986,0.81087645719889
965,7,-0.4531634835874829,0.30718124105410644
